"Class","Library","Total Instances","Total Size","Total Dart Heap Size","Total External Size","New Space Instances","New Space Size","New Space Dart Heap Size","New Space External Size","Old Space Instances","Old Space Size","Old Space Dart Heap Size","Old Space External Size"
Color,package:vector_graphics_compiler/src/paint.dart,139,2224,2224,0,0,0,0,0,139,2224,2224,0
Pointer,package:cloud_firestore_platform_interface/src/internal/pointer.dart,132,2112,2112,0,132,2112,2112,0,0,0,0,0
RenderPictureVectorGraphic,package:vector_graphics/src/render_vector_graphic.dart,18,2016,2016,0,4,448,448,0,14,1568,1568,0
Matrix4,package:vector_math/vector_math_64.dart,125,2000,2000,0,96,1536,1536,0,29,464,464,0
SvgPicture,package:flutter_svg/svg.dart,18,1440,1440,0,4,320,320,0,14,1120,1120,0
VectorGraphic,package:vector_graphics/src/vector_graphics.dart,16,1280,1280,0,2,160,160,0,14,1120,1120,0
PigeonQueryParameters,package:cloud_firestore_platform_interface/src/pigeon/messages.pigeon.dart,24,1152,1152,0,24,1152,1152,0,0,0,0,0
Vector2,package:vector_math/vector_math_64.dart,62,992,992,0,58,928,928,0,4,64,64,0
MethodChannelCollectionReference,package:cloud_firestore_platform_interface/src/method_channel/method_channel_collection_reference.dart,30,960,960,0,30,960,960,0,0,0,0,0
PdfTokenType,package:syncfusion_flutter_pdf/src/pdf/implementation/io/enums.dart,28,896,896,0,0,0,0,0,28,896,896,0
_AssetByteLoaderCacheKey,package:flutter_svg/src/loaders.dart,27,864,864,0,4,128,128,0,23,736,736,0
SvgCacheKey,package:flutter_svg/src/loaders.dart,27,864,864,0,4,128,128,0,23,736,736,0
_VectorGraphicWidgetState,package:vector_graphics/src/vector_graphics.dart,16,768,768,0,2,96,96,0,14,672,672,0
MethodChannelQuery,package:cloud_firestore_platform_interface/src/method_channel/method_channel_query.dart,24,768,768,0,24,768,768,0,0,0,0,0
PigeonQuerySnapshot,package:cloud_firestore_platform_interface/src/pigeon/messages.pigeon.dart,24,768,768,0,24,768,768,0,0,0,0,0
PropertyRule,package:firstfloor_calendar/src/semantic/calendar_parser.dart,23,736,736,0,0,0,0,0,23,736,736,0
InflaterState,package:syncfusion_flutter_pdf/src/pdf/implementation/compression/enums.dart,23,736,736,0,0,0,0,0,23,736,736,0
FieldType,package:exif/src/field_types.dart,14,672,672,0,0,0,0,0,14,672,672,0
SvgPathSegType,package:path_parsing/src/path_segment_type.dart,20,640,640,0,0,0,0,0,20,640,640,0
Frame,package:hive/src/binary/frame.dart,12,576,576,0,6,288,288,0,6,288,288,0
SvgAssetLoader,package:flutter_svg/src/loaders.dart,18,576,576,0,4,128,128,0,14,448,448,0
_PngChunkTypes,package:syncfusion_flutter_pdf/src/pdf/implementation/graphics/images/decoders/png_decoder.dart,18,576,576,0,0,0,0,0,18,576,576,0
Permission,package:permission_handler_platform_interface/permission_handler_platform_interface.dart,35,560,560,0,0,0,0,0,35,560,560,0
_RawPictureVectorGraphicWidget,package:vector_graphics/src/vector_graphics.dart,16,512,512,0,2,64,64,0,14,448,448,0
BlendMode,package:vector_graphics_compiler/src/paint.dart,16,512,512,0,0,0,0,0,16,512,512,0
PigeonSnapshotMetadata,package:cloud_firestore_platform_interface/src/pigeon/messages.pigeon.dart,30,480,480,0,30,480,480,0,0,0,0,0
_JsonCollectionReference,package:cloud_firestore/cloud_firestore.dart,30,480,480,0,30,480,480,0,0,0,0,0
_PictureKey,package:vector_graphics/src/vector_graphics.dart,12,384,384,0,2,64,64,0,10,320,320,0
_PictureData,package:vector_graphics/src/vector_graphics.dart,12,384,384,0,2,64,64,0,10,320,320,0
CloudSyncSummary,package:spendant/src/services/cloud_sync_service.dart,6,384,384,0,6,384,384,0,0,0,0,0
_Node,package:hive/src/util/indexable_skip_list.dart,12,384,384,0,0,0,0,0,12,384,384,0
StorageBackendVm,package:hive/src/backend/vm/storage_backend_vm.dart,6,384,384,0,0,0,0,0,6,384,384,0
MethodChannelQuerySnapshot,package:cloud_firestore_platform_interface/src/method_channel/method_channel_query_snapshot.dart,24,384,384,0,24,384,384,0,0,0,0,0
PigeonGetOptions,package:cloud_firestore_platform_interface/src/pigeon/messages.pigeon.dart,24,384,384,0,24,384,384,0,0,0,0,0
FieldPath,package:cloud_firestore_platform_interface/src/field_path.dart,24,384,384,0,24,384,384,0,0,0,0,0
_JsonQuerySnapshot,package:cloud_firestore/cloud_firestore.dart,24,384,384,0,24,384,384,0,0,0,0,0
_JsonQuery,package:cloud_firestore/cloud_firestore.dart,24,384,384,0,24,384,384,0,0,0,0,0
NotificationFeedType,package:spendant/src/services/notification_feed_service.dart,12,384,384,0,0,0,0,0,12,384,384,0
_NewExpenseScreenState,package:spendant/src/screens/new_expense_screen.dart,3,336,336,0,2,224,224,0,1,112,112,0
FirebaseApp,package:firebase_core/firebase_core.dart,21,336,336,0,18,288,288,0,3,48,48,0
AppNotificationModel,package:spendant/src/models/app_notification_model.dart,4,320,320,0,0,0,0,0,4,320,320,0
XmlNodeType,package:xml/src/xml/enums/node_type.dart,10,320,320,0,0,0,0,0,10,320,320,0
IndexableSkipList,package:hive/src/util/indexable_skip_list.dart,6,288,288,0,0,0,0,0,6,288,288,0
ResolvedAdapter,package:hive/src/registry/type_registry_impl.dart,9,288,288,0,0,0,0,0,9,288,288,0
Keystore,package:hive/src/box/keystore.dart,6,288,288,0,0,0,0,0,6,288,288,0
BoxImpl,package:hive/src/box/box_impl.dart,6,288,288,0,0,0,0,0,6,288,288,0
_MetaChip,package:spendant/src/screens/new_expense_screen.dart,9,288,288,0,6,192,192,0,3,96,96,0
DrawCommandType,package:vector_graphics_compiler/src/vector_instructions.dart,9,288,288,0,0,0,0,0,9,288,288,0
FontWeight,package:vector_graphics_compiler/src/paint.dart,9,288,288,0,0,0,0,0,9,288,288,0
PdfPermissionsFlags,package:syncfusion_flutter_pdf/src/pdf/implementation/security/enum.dart,9,288,288,0,0,0,0,0,9,288,288,0
PdfVersion,package:syncfusion_flutter_pdf/src/pdf/implementation/pdf_document/enums.dart,9,288,288,0,0,0,0,0,9,288,288,0
_NavIconButton,package:spendant/src/widgets/spendant_bottom_nav.dart,8,256,256,0,0,0,0,0,8,256,256,0
_CurrentSection,package:vector_graphics_codec/vector_graphics_codec.dart,8,256,256,0,0,0,0,0,8,256,256,0
PdfToken,package:syncfusion_flutter_pdf/src/pdf/implementation/exporting/pdf_text_extractor/parser/content_lexer.dart,8,256,256,0,0,0,0,0,8,256,256,0
PictureInfo,package:vector_graphics/src/listener.dart,14,224,224,0,4,64,64,0,10,160,160,0
_CurrencyInfo,package:spendant/src/screens/currency_converter_screen.dart,14,224,224,0,0,0,0,0,14,224,224,0
PdfCjkFontFamily,package:syncfusion_flutter_pdf/src/pdf/implementation/graphics/fonts/enums.dart,7,224,224,0,0,0,0,0,7,224,224,0
CalendarConnectionStatus,package:spendant/src/services/calendar_availability_service.dart,7,224,224,0,0,0,0,0,7,224,224,0
AutoCategorizationFallbackReason,package:spendant/src/services/auto_categorization_service.dart,7,224,224,0,0,0,0,0,7,224,224,0
Weekday,package:firstfloor_calendar/src/semantic/calendar_enums.dart,7,224,224,0,0,0,0,0,7,224,224,0
RecurrenceFrequency,package:firstfloor_calendar/src/semantic/calendar_enums.dart,7,224,224,0,0,0,0,0,7,224,224,0
ParticipationStatus,package:firstfloor_calendar/src/semantic/calendar_enums.dart,7,224,224,0,0,0,0,0,7,224,224,0
ActionCodeInfoOperation,package:firebase_auth_platform_interface/src/pigeon/messages.pigeon.dart,7,224,224,0,0,0,0,0,7,224,224,0
ConnectivityResult,package:connectivity_plus_platform_interface/src/enums.dart,7,224,224,0,0,0,0,0,7,224,224,0
BasicLock,package:synchronized/src/basic_lock.dart,12,192,192,0,0,0,0,0,12,192,192,0
SqfliteOpenDatabaseOptions,package:sqflite_common/src/open_options.dart,4,192,192,0,0,0,0,0,4,192,192,0
SqfliteDatabaseBase,package:sqflite_common/src/database_mixin.dart,4,192,192,0,0,0,0,0,4,192,192,0
LocalStorageService,package:spendant/src/services/local_storage_service.dart,12,192,192,0,12,192,192,0,0,0,0,0
KeyTransaction,package:hive/src/box/keystore.dart,6,192,192,0,6,192,192,0,0,0,0,0
BinaryWriterImpl,package:hive/src/binary/binary_writer_impl.dart,6,192,192,0,6,192,192,0,0,0,0,0
AntAsset,package:spendant/src/widgets/auth_chrome.dart,6,192,192,0,0,0,0,0,6,192,192,0
_ExpenseField,package:spendant/src/screens/new_expense_screen.dart,6,192,192,0,4,128,128,0,2,64,64,0
CameraInfo,package:exif/src/makernote_canon.dart,6,192,192,0,0,0,0,0,6,192,192,0
MethodChannelDocumentReference,package:cloud_firestore_platform_interface/src/method_channel/method_channel_document_reference.dart,6,192,192,0,6,192,192,0,0,0,0,0
DocumentReferenceRequest,package:cloud_firestore_platform_interface/src/pigeon/messages.pigeon.dart,6,192,192,0,6,192,192,0,0,0,0,0
PigeonDocumentSnapshot,package:cloud_firestore_platform_interface/src/pigeon/messages.pigeon.dart,6,192,192,0,6,192,192,0,0,0,0,0
PdfCompressionLevel,package:syncfusion_flutter_pdf/src/pdf/implementation/pdf_document/enums.dart,6,192,192,0,0,0,0,0,6,192,192,0
PermissionStatus,package:permission_handler_platform_interface/permission_handler_platform_interface.dart,6,192,192,0,0,0,0,0,6,192,192,0
FieldValueType,package:cloud_firestore_platform_interface/src/method_channel/method_channel_field_value.dart,6,192,192,0,0,0,0,0,6,192,192,0
AutoCategorizationResult,package:spendant/src/services/auto_categorization_service.dart,5,160,160,0,0,0,0,0,5,160,160,0
AuthResult,package:spendant/src/services/auth_service.dart,5,160,160,0,0,0,0,0,5,160,160,0
TextDecorationStyle,package:vector_graphics_compiler/src/paint.dart,5,160,160,0,0,0,0,0,5,160,160,0
ImageFormat,package:vector_graphics_compiler/src/image/image_info.dart,5,160,160,0,0,0,0,0,5,160,160,0
PdfEncryptionAlgorithm,package:syncfusion_flutter_pdf/src/pdf/implementation/security/enum.dart,5,160,160,0,0,0,0,0,5,160,160,0
_PngFilterTypes,package:syncfusion_flutter_pdf/src/pdf/implementation/graphics/images/decoders/png_decoder.dart,5,160,160,0,0,0,0,0,5,160,160,0
LineType,package:syncfusion_flutter_pdf/src/pdf/implementation/graphics/fonts/enums.dart,5,160,160,0,0,0,0,0,5,160,160,0
PdfFontFamily,package:syncfusion_flutter_pdf/src/pdf/implementation/graphics/fonts/enums.dart,5,160,160,0,0,0,0,0,5,160,160,0
MatrixTypes,package:syncfusion_flutter_pdf/src/pdf/implementation/exporting/pdf_text_extractor/matrix_helper.dart,5,160,160,0,0,0,0,0,5,160,160,0
_Type,package:syncfusion_flutter_pdf/src/pdf/implementation/compression/pdf_png_filter.dart,5,160,160,0,0,0,0,0,5,160,160,0
CalendarUserType,package:firstfloor_calendar/src/semantic/calendar_enums.dart,5,160,160,0,0,0,0,0,5,160,160,0
WeeklySmartInsight,package:spendant/src/services/weekly_smart_insight_service.dart,3,144,144,0,3,144,144,0,0,0,0,0
_ExpenseHeader,package:spendant/src/screens/new_expense_screen.dart,3,144,144,0,2,96,96,0,1,48,48,0
Vector3,package:vector_math/vector_math_64.dart,8,128,128,0,8,128,128,0,0,0,0,0
SqfliteDatabaseOpenHelper,package:sqflite_common/src/database.dart,4,128,128,0,0,0,0,0,4,128,128,0
_GooglePaySimulationTemplate,package:spendant/src/services/google_pay_expense_import_service.dart,4,128,128,0,0,0,0,0,4,128,128,0
CalendarAccessResult,package:spendant/src/services/calendar_availability_service.dart,4,128,128,0,0,0,0,0,4,128,128,0
UserModel,package:spendant/src/models/user_model.dart,2,128,128,0,0,0,0,0,2,128,128,0
FirebaseOptions,package:firebase_core_platform_interface/firebase_core_platform_interface.dart,2,128,128,0,0,0,0,0,2,128,128,0
PathCommandType,package:vector_graphics_compiler/src/geometry/path.dart,4,128,128,0,0,0,0,0,4,128,128,0
PdfPageRotateAngle,package:syncfusion_flutter_pdf/src/pdf/implementation/pages/enum.dart,4,128,128,0,0,0,0,0,4,128,128,0
_ErrorType,package:syncfusion_flutter_pdf/src/pdf/implementation/io/pdf_parser.dart,4,128,128,0,0,0,0,0,4,128,128,0
PdfColorSpace,package:syncfusion_flutter_pdf/src/pdf/implementation/graphics/enums.dart,4,128,128,0,0,0,0,0,4,128,128,0
PdfTextAlignment,package:syncfusion_flutter_pdf/src/pdf/implementation/graphics/enums.dart,4,128,128,0,0,0,0,0,4,128,128,0
SpendAntNavItem,package:spendant/src/widgets/spendant_bottom_nav.dart,4,128,128,0,0,0,0,0,4,128,128,0
SpendingAdviceKind,package:spendant/src/services/spending_advice_service.dart,4,128,128,0,0,0,0,0,4,128,128,0
GooglePayImportStatus,package:spendant/src/services/google_pay_expense_import_service.dart,4,128,128,0,0,0,0,0,4,128,128,0
LocationPermission,package:geolocator_platform_interface/src/enums/location_permission.dart,4,128,128,0,0,0,0,0,4,128,128,0
ParticipationRole,package:firstfloor_calendar/src/semantic/calendar_enums.dart,4,128,128,0,0,0,0,0,4,128,128,0
PigeonTransactionType,package:cloud_firestore_platform_interface/src/pigeon/messages.pigeon.dart,4,128,128,0,0,0,0,0,4,128,128,0
SvgAttributes,package:vector_graphics_compiler/src/svg/parser.dart,1,112,112,0,0,0,0,0,1,112,112,0
_CategorySuggestion,package:spendant/src/services/notification_expense_parser.dart,7,112,112,0,0,0,0,0,7,112,112,0
NoInternetBanner,package:spendant/src/widgets/no_internet_banner.dart,7,112,112,0,0,0,0,0,7,112,112,0
Rect,package:vector_graphics_compiler/src/geometry/basic_types.dart,2,96,96,0,0,0,0,0,2,96,96,0
SqlBuilder,package:sqflite_common/src/sql_builder.dart,6,96,96,0,6,96,96,0,0,0,0,0
PermissionsReviewFlow,package:spendant/src/services/permissions_review_service.dart,3,96,96,0,0,0,0,0,3,96,96,0
CloudSyncService,package:spendant/src/services/cloud_sync_service.dart,6,96,96,0,6,96,96,0,0,0,0,0
_RegisterIntroStep,package:spendant/src/screens/post_register_intro_screen.dart,3,96,96,0,0,0,0,0,3,96,96,0
_ValueIterator,package:hive/src/util/indexable_skip_list.dart,6,96,96,0,6,96,96,0,0,0,0,0
ChangeNotifier,package:hive/src/box/change_notifier.dart,6,96,96,0,0,0,0,0,6,96,96,0
FrameIoHelper,package:hive/src/io/frame_io_helper.dart,6,96,96,0,0,0,0,0,6,96,96,0
ReadWriteSync,package:hive/src/backend/vm/read_write_sync.dart,6,96,96,0,0,0,0,0,6,96,96,0
LocationSettings,package:geolocator_platform_interface/src/models/location_settings.dart,3,96,96,0,0,0,0,0,3,96,96,0
SpendAntBottomNav,package:spendant/src/widgets/spendant_bottom_nav.dart,3,96,96,0,0,0,0,0,3,96,96,0
_MiniActionButton,package:spendant/src/screens/new_expense_screen.dart,3,96,96,0,2,64,64,0,1,32,32,0
_AmountHeadline,package:spendant/src/screens/home_screen.dart,2,96,96,0,0,0,0,0,2,96,96,0
User,package:firebase_auth/firebase_auth.dart,6,96,96,0,6,96,96,0,0,0,0,0
DocumentSnapshotPlatform,package:cloud_firestore_platform_interface/src/platform_interface/platform_interface_document_snapshot.dart,6,96,96,0,6,96,96,0,0,0,0,0
_JsonDocumentSnapshot,package:cloud_firestore/cloud_firestore.dart,6,96,96,0,6,96,96,0,0,0,0,0
_JsonDocumentReference,package:cloud_firestore/cloud_firestore.dart,6,96,96,0,6,96,96,0,0,0,0,0
_ValueIterable,package:hive/src/util/indexable_skip_list.dart,6,96,96,0,6,96,96,0,0,0,0,0
TileMode,package:vector_graphics_compiler/src/paint.dart,3,96,96,0,0,0,0,0,3,96,96,0
StrokeJoin,package:vector_graphics_compiler/src/paint.dart,3,96,96,0,0,0,0,0,3,96,96,0
StrokeCap,package:vector_graphics_compiler/src/paint.dart,3,96,96,0,0,0,0,0,3,96,96,0
GradientUnitMode,package:vector_graphics_compiler/src/paint.dart,3,96,96,0,0,0,0,0,3,96,96,0
PdfEncryptionOptions,package:syncfusion_flutter_pdf/src/pdf/implementation/security/enum.dart,3,96,96,0,0,0,0,0,3,96,96,0
State,package:syncfusion_flutter_pdf/src/pdf/implementation/io/pdf_lexer.dart,3,96,96,0,0,0,0,0,3,96,96,0
PdfObjectType,package:syncfusion_flutter_pdf/src/pdf/implementation/io/enums.dart,3,96,96,0,0,0,0,0,3,96,96,0
PdfFontStyle,package:syncfusion_flutter_pdf/src/pdf/implementation/graphics/fonts/enums.dart,3,96,96,0,0,0,0,0,3,96,96,0
BlockType,package:syncfusion_flutter_pdf/src/pdf/implementation/compression/enums.dart,3,96,96,0,0,0,0,0,3,96,96,0
PermissionsIntroStep,package:spendant/src/services/post_auth_navigation.dart,3,96,96,0,0,0,0,0,3,96,96,0
_ReceiptSourceOption,package:spendant/src/screens/new_expense_screen.dart,3,96,96,0,0,0,0,0,3,96,96,0
LocationAccuracy,package:geolocator_platform_interface/src/enums/location_accuracy.dart,3,96,96,0,0,0,0,0,3,96,96,0
GroupAlertBehavior,package:flutter_local_notifications/src/platform_specifics/android/enums.dart,3,96,96,0,0,0,0,0,3,96,96,0
AggregateType,package:cloud_firestore_platform_interface/src/pigeon/messages.pigeon.dart,3,96,96,0,0,0,0,0,3,96,96,0
ServerTimestampBehavior,package:cloud_firestore_platform_interface/src/pigeon/messages.pigeon.dart,3,96,96,0,0,0,0,0,3,96,96,0
Source,package:cloud_firestore_platform_interface/src/pigeon/messages.pigeon.dart,3,96,96,0,0,0,0,0,3,96,96,0
DocumentChangeType,package:cloud_firestore_platform_interface/src/pigeon/messages.pigeon.dart,3,96,96,0,0,0,0,0,3,96,96,0
PermissionWithService,package:permission_handler_platform_interface/permission_handler_platform_interface.dart,5,80,80,0,0,0,0,0,5,80,80,0
DrawCommand,package:vector_graphics_compiler/src/vector_instructions.dart,2,64,64,0,0,0,0,0,2,64,64,0
TextDecoration,package:vector_graphics_compiler/src/paint.dart,4,64,64,0,0,0,0,0,4,64,64,0
AffineMatrix,package:vector_graphics_compiler/src/geometry/matrix.dart,1,64,64,0,0,0,0,0,1,64,64,0
ReentrantLock,package:synchronized/src/reentrant_lock.dart,4,64,64,0,0,0,0,0,4,64,64,0
_NamedLock,package:sqflite_common/src/factory_mixin.dart,4,64,64,0,0,0,0,0,4,64,64,0
DailyBudgetSummary,package:spendant/src/services/daily_budget_service.dart,1,64,64,0,1,64,64,0,0,0,0,0
AuthGreetingState,package:spendant/src/services/auth_memory_store.dart,2,64,64,0,0,0,0,0,2,64,64,0
_ExpenseLabelGroup,package:spendant/src/screens/new_expense_screen.dart,4,64,64,0,0,0,0,0,4,64,64,0
CurrencyProvider,package:spendant/src/services/currency_provider.dart,1,64,64,0,0,0,0,0,1,64,64,0
SpendAntWordmark,package:spendant/src/widgets/auth_chrome.dart,2,64,64,0,0,0,0,0,2,64,64,0
PigeonUserInfo,package:firebase_auth_platform_interface/src/pigeon/messages.pigeon.dart,1,64,64,0,0,0,0,0,1,64,64,0
MethodChannelFirebaseAuth,package:firebase_auth_platform_interface/src/method_channel/method_channel_firebase_auth.dart,2,64,64,0,0,0,0,0,2,64,64,0
MethodChannelFirebaseFirestore,package:cloud_firestore_platform_interface/src/method_channel/method_channel_firestore.dart,2,64,64,0,0,0,0,0,2,64,64,0
XmlAttributeType,package:xml/src/xml/enums/attribute_type.dart,2,64,64,0,0,0,0,0,2,64,64,0
PaintingStyle,package:vector_graphics_compiler/src/paint.dart,2,64,64,0,0,0,0,0,2,64,64,0
PathFillType,package:vector_graphics_compiler/src/geometry/path.dart,2,64,64,0,0,0,0,0,2,64,64,0
PdfConformanceLevel,package:syncfusion_flutter_pdf/src/pdf/implementation/pdf_document/enums.dart,2,64,64,0,0,0,0,0,2,64,64,0
PdfPageOrientation,package:syncfusion_flutter_pdf/src/pdf/implementation/pages/enum.dart,2,64,64,0,0,0,0,0,2,64,64,0
PdfObjectStatus,package:syncfusion_flutter_pdf/src/pdf/implementation/io/enums.dart,2,64,64,0,0,0,0,0,2,64,64,0
ImageType,package:syncfusion_flutter_pdf/src/pdf/implementation/graphics/images/enum.dart,2,64,64,0,0,0,0,0,2,64,64,0
PdfVerticalAlignment,package:syncfusion_flutter_pdf/src/pdf/implementation/graphics/enums.dart,2,64,64,0,0,0,0,0,2,64,64,0
PermissionsReviewDestination,package:spendant/src/services/permissions_review_service.dart,2,64,64,0,0,0,0,0,2,64,64,0
AndroidNotificationCategory,package:flutter_local_notifications/src/platform_specifics/android/enums.dart,2,64,64,0,0,0,0,0,2,64,64,0
Importance,package:flutter_local_notifications/src/platform_specifics/android/enums.dart,2,64,64,0,0,0,0,0,2,64,64,0
Sign,package:firstfloor_calendar/src/semantic/calendar_types.dart,2,64,64,0,0,0,0,0,2,64,64,0
ColorOrNone,package:vector_graphics_compiler/src/svg/parser.dart,3,48,48,0,0,0,0,0,3,48,48,0
ReceiptScanService,package:spendant/src/services/receipt_scan_service.dart,3,48,48,0,2,32,32,0,1,16,16,0
PineconeConfiguration,package:spendant/src/services/pinecone_configuration.dart,1,48,48,0,0,0,0,0,1,48,48,0
CloudinaryReceiptUploadService,package:spendant/src/services/cloudinary_receipt_upload_service.dart,3,48,48,0,2,32,32,0,1,16,16,0
CalendarAvailabilityService,package:spendant/src/services/calendar_availability_service.dart,1,48,48,0,0,0,0,0,1,48,48,0
TextRecognizer,package:google_mlkit_text_recognition/src/text_recognizer.dart,3,48,48,0,2,32,32,0,1,16,16,0
_ProfileScreenState,package:spendant/src/screens/profile_screen.dart,1,48,48,0,0,0,0,0,1,48,48,0
_HomeScreenState,package:spendant/src/screens/home_screen.dart,1,48,48,0,0,0,0,0,1,48,48,0
_SpendAntAppState,package:spendant/app.dart,1,48,48,0,0,0,0,0,1,48,48,0
Settings,package:cloud_firestore_platform_interface/src/settings.dart,1,48,48,0,0,0,0,0,1,48,48,0
Point,package:vector_graphics_compiler/src/geometry/basic_types.dart,1,32,32,0,0,0,0,0,1,32,32,0
SqfliteDatabaseFactoryImpl,package:sqflite_platform_interface/src/factory_platform.dart,1,32,32,0,0,0,0,0,1,32,32,0
ReceiptAmountAnalysis,package:spendant/src/services/receipt_scan_service.dart,1,32,32,0,0,0,0,0,1,32,32,0
PermissionsIntroArgs,package:spendant/src/services/post_auth_navigation.dart,1,32,32,0,0,0,0,0,1,32,32,0
LocalNotificationAttemptResult,package:spendant/src/services/local_notification_service.dart,2,32,32,0,0,0,0,0,2,32,32,0
GooglePayImportResult,package:spendant/src/services/google_pay_expense_import_service.dart,2,32,32,0,0,0,0,0,2,32,32,0
FingerprintLoginResult,package:spendant/src/services/fingerprint_login_service.dart,2,32,32,0,0,0,0,0,2,32,32,0
CalendarAvailabilitySnapshot,package:spendant/src/services/calendar_availability_service.dart,1,32,32,0,0,0,0,0,1,32,32,0
BiometricAuthResult,package:spendant/src/services/biometric_auth_service.dart,2,32,32,0,0,0,0,0,2,32,32,0
AutoCategorizationService,package:spendant/src/services/auto_categorization_service.dart,1,32,32,0,0,0,0,0,1,32,32,0
ConstantCharPredicate,package:petitparser/src/parser/character/predicate/constant.dart,2,32,32,0,0,0,0,0,2,32,32,0
_PathOffset,package:path_parsing/src/path_parsing.dart,1,32,32,0,0,0,0,0,1,32,32,0
HiveImpl,package:hive/src/hive_impl.dart,1,32,32,0,0,0,0,0,1,32,32,0
UserModelAdapter,package:spendant/src/models/user_model.dart,1,32,32,0,0,0,0,0,1,32,32,0
LabelModelAdapter,package:spendant/src/models/label_model.dart,1,32,32,0,0,0,0,0,1,32,32,0
IncomeModelAdapter,package:spendant/src/models/income_model.dart,1,32,32,0,0,0,0,0,1,32,32,0
GoalModelAdapter,package:spendant/src/models/goal_model.dart,1,32,32,0,0,0,0,0,1,32,32,0
ExpenseModelAdapter,package:spendant/src/models/expense_model.dart,1,32,32,0,0,0,0,0,1,32,32,0
AppNotificationModelAdapter,package:spendant/src/models/app_notification_model.dart,1,32,32,0,0,0,0,0,1,32,32,0
DateTimeWithTimezoneAdapter,package:hive/src/adapters/date_time_adapter.dart,1,32,32,0,0,0,0,0,1,32,32,0
DateTimeAdapter,package:hive/src/adapters/date_time_adapter.dart,1,32,32,0,0,0,0,0,1,32,32,0
BigIntAdapter,package:hive/src/adapters/big_int_adapter.dart,1,32,32,0,0,0,0,0,1,32,32,0
SvgTheme,package:flutter_svg/src/loaders.dart,1,32,32,0,0,0,0,0,1,32,32,0
Cache,package:flutter_svg/src/cache.dart,1,32,32,0,0,0,0,0,1,32,32,0
_BootstrapAppState,package:spendant/main.dart,1,32,32,0,0,0,0,0,1,32,32,0
GreenScreenScaffold,package:spendant/src/widgets/auth_chrome.dart,1,32,32,0,0,0,0,0,1,32,32,0
_GoalRulesNotice,package:spendant/src/screens/set_goal_screen.dart,1,32,32,0,0,0,0,0,1,32,32,0
_SpendAntAuthDecisionDialog,package:spendant/src/screens/login_screen.dart,1,32,32,0,0,0,0,0,1,32,32,0
_HomeHeader,package:spendant/src/screens/home_screen.dart,1,32,32,0,0,0,0,0,1,32,32,0
NewExpenseScreen,package:spendant/src/screens/new_expense_screen.dart,1,32,32,0,0,0,0,0,1,32,32,0
NewIncomeScreen,package:spendant/src/screens/budget_screen.dart,1,32,32,0,0,0,0,0,1,32,32,0
FirebaseAuthHostApi,package:firebase_auth_platform_interface/src/pigeon/messages.pigeon.dart,2,32,32,0,0,0,0,0,2,32,32,0
MethodChannelConnectivity,package:connectivity_plus_platform_interface/method_channel_connectivity.dart,1,32,32,0,0,0,0,0,1,32,32,0
FirebaseAuth,package:firebase_auth/firebase_auth.dart,1,32,32,0,0,0,0,0,1,32,32,0
FirebaseFirestore,package:cloud_firestore/cloud_firestore.dart,1,32,32,0,0,0,0,0,1,32,32,0
FirestorePigeonFirebaseApp,package:cloud_firestore_platform_interface/src/pigeon/messages.pigeon.dart,1,32,32,0,0,0,0,0,1,32,32,0
PigeonFirebaseSettings,package:cloud_firestore_platform_interface/src/pigeon/messages.pigeon.dart,1,32,32,0,0,0,0,0,1,32,32,0
GetOptions,package:cloud_firestore_platform_interface/src/get_options.dart,2,32,32,0,0,0,0,0,2,32,32,0
ExistingWorkPolicy,package:workmanager/src/options.dart,1,32,32,0,0,0,0,0,1,32,32,0
RenderingStrategy,package:vector_graphics/src/vector_graphics.dart,1,32,32,0,0,0,0,0,1,32,32,0
PdfCrossReferenceType,package:syncfusion_flutter_pdf/src/pdf/implementation/pdf_document/enums.dart,1,32,32,0,0,0,0,0,1,32,32,0
_Error,package:syncfusion_flutter_pdf/src/pdf/implementation/io/pdf_lexer.dart,1,32,32,0,0,0,0,0,1,32,32,0
PdfWordWrapType,package:syncfusion_flutter_pdf/src/pdf/implementation/graphics/fonts/enums.dart,1,32,32,0,0,0,0,0,1,32,32,0
PdfSubSuperscript,package:syncfusion_flutter_pdf/src/pdf/implementation/graphics/fonts/enums.dart,1,32,32,0,0,0,0,0,1,32,32,0
PdfLineCap,package:syncfusion_flutter_pdf/src/pdf/implementation/graphics/enums.dart,1,32,32,0,0,0,0,0,1,32,32,0
PdfLineJoin,package:syncfusion_flutter_pdf/src/pdf/implementation/graphics/enums.dart,1,32,32,0,0,0,0,0,1,32,32,0
PdfDashStyle,package:syncfusion_flutter_pdf/src/pdf/implementation/graphics/enums.dart,1,32,32,0,0,0,0,0,1,32,32,0
PdfTextDirection,package:syncfusion_flutter_pdf/src/pdf/implementation/graphics/enums.dart,1,32,32,0,0,0,0,0,1,32,32,0
SqliteSqlCommandType,package:sqflite_common/src/sql_command.dart,1,32,32,0,0,0,0,0,1,32,32,0
TextRecognitionScript,package:google_mlkit_text_recognition/src/text_recognizer.dart,1,32,32,0,0,0,0,0,1,32,32,0
InputImageType,package:google_mlkit_commons/src/input_image.dart,1,32,32,0,0,0,0,0,1,32,32,0
AudioAttributesUsage,package:flutter_local_notifications/src/platform_specifics/android/enums.dart,1,32,32,0,0,0,0,0,1,32,32,0
Priority,package:flutter_local_notifications/src/platform_specifics/android/enums.dart,1,32,32,0,0,0,0,0,1,32,32,0
AndroidNotificationChannelAction,package:flutter_local_notifications/src/platform_specifics/android/enums.dart,1,32,32,0,0,0,0,0,1,32,32,0
FieldPathType,package:cloud_firestore_platform_interface/src/field_path_type.dart,1,32,32,0,0,0,0,0,1,32,32,0
XmlDefaultEntityMapping,package:xml/src/xml/entities/default_mapping.dart,1,16,16,0,0,0,0,0,1,16,16,0
Workmanager,package:workmanager/src/workmanager.dart,1,16,16,0,0,0,0,0,1,16,16,0
_EmptyNode,package:vector_graphics_compiler/src/svg/node.dart,1,16,16,0,0,0,0,0,1,16,16,0
Fill,package:vector_graphics_compiler/src/paint.dart,1,16,16,0,0,0,0,0,1,16,16,0
CloseCommand,package:vector_graphics_compiler/src/geometry/path.dart,1,16,16,0,0,0,0,0,1,16,16,0
VectorGraphicsCodec,package:vector_graphics_codec/vector_graphics_codec.dart,1,16,16,0,0,0,0,0,1,16,16,0
DecodeResponse,package:vector_graphics_codec/vector_graphics_codec.dart,1,16,16,0,0,0,0,0,1,16,16,0
_DefaultPictureFactory,package:vector_graphics/src/listener.dart,1,16,16,0,0,0,0,0,1,16,16,0
Uuid,package:uuid/uuid.dart,1,16,16,0,0,0,0,0,1,16,16,0
UnicodeGlyphSet,package:term_glyph/src/generated/unicode_glyph_set.dart,1,16,16,0,0,0,0,0,1,16,16,0
HttpPineconeRepository,package:spendant/src/services/pinecone_repository.dart,1,16,16,0,0,0,0,0,1,16,16,0
HabitFixerMonitorService,package:spendant/src/services/habit_fixer_monitor_service.dart,1,16,16,0,0,0,0,0,1,16,16,0
ExpenseLocationService,package:spendant/src/services/expense_location_service.dart,1,16,16,0,0,0,0,0,1,16,16,0
PineconeEmbeddingService,package:spendant/src/services/embedding_service.dart,1,16,16,0,0,0,0,0,1,16,16,0
DefaultConnectivityService,package:spendant/src/services/connectivity_service.dart,1,16,16,0,0,0,0,0,1,16,16,0
AppAnalyticsService,package:spendant/src/services/app_analytics_service.dart,1,16,16,0,0,0,0,0,1,16,16,0
ExpenseAnalyticsRepository,package:spendant/src/repositories/expense_analytics_repository.dart,1,16,16,0,0,0,0,0,1,16,16,0
WhitespaceCharPredicate,package:petitparser/src/parser/character/predicate/whitespace.dart,1,16,16,0,0,0,0,0,1,16,16,0
IOSAuthMessages,package:local_auth_darwin/types/auth_messages_ios.dart,1,16,16,0,0,0,0,0,1,16,16,0
BackendManager,package:hive/src/backend/vm/backend_manager.dart,1,16,16,0,0,0,0,0,1,16,16,0
LocationServiceDisabledException,package:geolocator_platform_interface/src/errors/location_service_disabled_exception.dart,1,16,16,0,0,0,0,0,1,16,16,0
AlreadySubscribedException,package:geolocator_platform_interface/src/errors/already_subscribed_exception.dart,1,16,16,0,0,0,0,0,1,16,16,0
NoResultFoundException,package:geocoding_platform_interface/src/errors/no_result_found_exception.dart,1,16,16,0,0,0,0,0,1,16,16,0
Svg,package:flutter_svg/svg.dart,1,16,16,0,0,0,0,0,1,16,16,0
DefaultStyleInformation,package:flutter_local_notifications/src/platform_specifics/android/styles/default_style_information.dart,1,16,16,0,0,0,0,0,1,16,16,0
DrawableResourceAndroidBitmap,package:flutter_local_notifications/src/platform_specifics/android/bitmap.dart,1,16,16,0,0,0,0,0,1,16,16,0
FlutterLocalNotificationsPlugin,package:flutter_local_notifications/src/flutter_local_notifications_plugin.dart,1,16,16,0,0,0,0,0,1,16,16,0
Parser,package:flutter_dotenv/src/parser.dart,1,16,16,0,0,0,0,0,1,16,16,0
DotEnv,package:flutter_dotenv/src/dotenv.dart,1,16,16,0,0,0,0,0,1,16,16,0
_GoalAmountFormatter,package:spendant/src/screens/set_goal_screen.dart,1,16,16,0,0,0,0,0,1,16,16,0
_CurrencyThousandsFormatter,package:spendant/src/screens/new_expense_screen.dart,1,16,16,0,0,0,0,0,1,16,16,0
_CurrencyThousandsFormatter,package:spendant/src/screens/budget_screen.dart,1,16,16,0,0,0,0,0,1,16,16,0
_EmptyGoalsCard,package:spendant/src/screens/set_goal_screen.dart,1,16,16,0,0,0,0,0,1,16,16,0
RegisterScreen,package:spendant/src/screens/register_screen.dart,1,16,16,0,0,0,0,0,1,16,16,0
_EmptyNotificationsState,package:spendant/src/screens/notifications_screen.dart,1,16,16,0,0,0,0,0,1,16,16,0
LoginScreen,package:spendant/src/screens/login_screen.dart,1,16,16,0,0,0,0,0,1,16,16,0
_EmptyExpensesCard,package:spendant/src/screens/home_screen.dart,1,16,16,0,0,0,0,0,1,16,16,0
_EmptyIncomesCard,package:spendant/src/screens/budget_screen.dart,1,16,16,0,0,0,0,0,1,16,16,0
BudgetScreen,package:spendant/src/screens/budget_screen.dart,1,16,16,0,0,0,0,0,1,16,16,0
_StartupLoadingApp,package:spendant/main.dart,1,16,16,0,0,0,0,0,1,16,16,0
VoiceRegisterScreen,package:spendant/src/screens/voice_register_screen.dart,1,16,16,0,0,0,0,0,1,16,16,0
SetGoalScreen,package:spendant/src/screens/set_goal_screen.dart,1,16,16,0,0,0,0,0,1,16,16,0
ReportSetupScreen,package:spendant/src/screens/report_setup_screen.dart,1,16,16,0,0,0,0,0,1,16,16,0
ReportScreen,package:spendant/src/screens/report_screen.dart,1,16,16,0,0,0,0,0,1,16,16,0
ProfileScreen,package:spendant/src/screens/profile_screen.dart,1,16,16,0,0,0,0,0,1,16,16,0
PostRegisterIntroScreen,package:spendant/src/screens/post_register_intro_screen.dart,1,16,16,0,0,0,0,0,1,16,16,0
OnboardingScreen,package:spendant/src/screens/onboarding_screen.dart,1,16,16,0,0,0,0,0,1,16,16,0
NotificationsScreen,package:spendant/src/screens/notifications_screen.dart,1,16,16,0,0,0,0,0,1,16,16,0
LocationPermissionIntroScreen,package:spendant/src/screens/location_permission_intro_screen.dart,1,16,16,0,0,0,0,0,1,16,16,0
LoadingScreen,package:spendant/src/screens/loading_screen.dart,1,16,16,0,0,0,0,0,1,16,16,0
HomeScreen,package:spendant/src/screens/home_screen.dart,1,16,16,0,0,0,0,0,1,16,16,0
CurrencyConverterScreen,package:spendant/src/screens/currency_converter_screen.dart,1,16,16,0,0,0,0,0,1,16,16,0
_BootstrapApp,package:spendant/main.dart,1,16,16,0,0,0,0,0,1,16,16,0
SpendAntApp,package:spendant/app.dart,1,16,16,0,0,0,0,0,1,16,16,0
FirebaseCoreHostApi,package:firebase_core_platform_interface/src/pigeon/messages.pigeon.dart,1,16,16,0,0,0,0,0,1,16,16,0
PigeonUserDetails,package:firebase_auth_platform_interface/src/pigeon/messages.pigeon.dart,1,16,16,0,0,0,0,0,1,16,16,0
_ValueWrapper,package:firebase_auth_platform_interface/src/method_channel/method_channel_firebase_auth.dart,1,16,16,0,0,0,0,0,1,16,16,0
IfdNone,package:exif/src/exif_types.dart,1,16,16,0,0,0,0,0,1,16,16,0
Connectivity,package:connectivity_plus/connectivity_plus.dart,1,16,16,0,0,0,0,0,1,16,16,0
GeolocatorAndroid,package:geolocator_android/src/geolocator_android.dart,1,16,16,0,0,0,0,0,1,16,16,0
GeocodingAndroid,package:geocoding_android/geocoding_android.dart,1,16,16,0,0,0,0,0,1,16,16,0
AndroidFlutterLocalNotificationsPlugin,package:flutter_local_notifications/src/platform_flutter_local_notifications.dart,1,16,16,0,0,0,0,0,1,16,16,0
MethodChannelFirebaseApp,package:firebase_core_platform_interface/firebase_core_platform_interface.dart,1,16,16,0,0,0,0,0,1,16,16,0
MethodChannelFirebase,package:firebase_core_platform_interface/firebase_core_platform_interface.dart,1,16,16,0,0,0,0,0,1,16,16,0
MethodChannelUser,package:firebase_auth_platform_interface/src/method_channel/method_channel_user.dart,1,16,16,0,0,0,0,0,1,16,16,0
MethodChannelMultiFactor,package:firebase_auth_platform_interface/src/method_channel/method_channel_multi_factor.dart,1,16,16,0,0,0,0,0,1,16,16,0
FilePickerIO,package:file_picker/src/file_picker_io.dart,1,16,16,0,0,0,0,0,1,16,16,0
FirebaseFirestoreHostApi,package:cloud_firestore_platform_interface/src/pigeon/messages.pigeon.dart,1,16,16,0,0,0,0,0,1,16,16,0
MixpanelMessageCodec,package:mixpanel_flutter/codec/mixpanel_message_codec.dart,1,16,16,0,0,0,0,0,1,16,16,0
_PigeonCodec,package:firebase_core_platform_interface/src/pigeon/messages.pigeon.dart,1,16,16,0,0,0,0,0,1,16,16,0
_FirebaseAuthHostApiCodec,package:firebase_auth_platform_interface/src/pigeon/messages.pigeon.dart,1,16,16,0,0,0,0,0,1,16,16,0
_FirebaseFirestoreHostApiCodec,package:cloud_firestore_platform_interface/src/pigeon/messages.pigeon.dart,1,16,16,0,0,0,0,0,1,16,16,0
Clock,package:clock/src/clock.dart,1,16,16,0,0,0,0,0,1,16,16,0
XmlNodeDecoder,package:xml/src/xml_events/converters/node_decoder.dart,1,16,16,0,0,0,0,0,1,16,16,0
